{"gatilhoRT": {"x": 0.953125, "y": 0.6296296296296297}, "gatilhoLT": {"x": 0.06145833333333333, "y": 0.6185185185185185}, "analogCam": {"x": 0.6291666666666667, "y": 0.5499999999999999}, "analogMain": {"x": 0.35208333333333336, "y": 0.5518518518518518}, "\u2192": {"x": 0.25833333333333336, "y": 0.15740740740740738}, "\u2190": {"x": 0.07291666666666667, "y": 0.16111111111111115}, "\u2193": {"x": 0.16354166666666667, "y": 0.08888888888888889}, "\u2191": {"x": 0.16458333333333333, "y": 0.24814814814814815}, "STR": {"x": 0.57, "y": 0.08}, "SEL": {"x": 0.43, "y": 0.08}, "RB": {"x": 0.7614583333333333, "y": 0.9185185185185185}, "LB": {"x": 0.17291666666666666, "y": 0.9296296296296296}, "Y": {"x": 0.7854166666666667, "y": 0.33518518518518514}, "X": {"x": 0.6947916666666667, "y": 0.21111111111111114}, "B": {"x": 0.875, "y": 0.21851851851851858}, "A": {"x": 0.784375, "y": 0.08333333333333334}, "btn_giro": {"x": 0.48854166666666665, "y": 0.9185185185185185}}